{"cameraMode":{"drawMode":0,"name":"Shaded","section":"Shading Mode"},"sceneLighting":false,"audioPlay":false,"sceneViewState":{"showFog":true,"showMaterialUpdate":false,"showSkybox":false,"showFlares":true,"showImageEffects":true,"showParticleSystems":true},"in2DMode":false,"pivot":{"x":6.209083557128906,"y":2.9334025382995607,"z":2.9893343448638918},"rotation":{"x":-0.07354919612407685,"y":-0.805444061756134,"z":0.1022760421037674,"w":-0.5791476964950562},"size":1.606945276260376,"orthographic":false}