{"cameraMode":{"drawMode":0,"name":"Shaded","section":"Shading Mode"},"sceneLighting":true,"audioPlay":false,"sceneViewState":{"showFog":true,"showMaterialUpdate":true,"showSkybox":true,"showFlares":true,"showImageEffects":true,"showParticleSystems":true},"in2DMode":false,"pivot":{"x":5.824668884277344,"y":0.2771286964416504,"z":0.8980112671852112},"rotation":{"x":-0.18397416174411775,"y":-0.7075911164283752,"z":0.19948460161685944,"w":-0.6524602174758911},"size":8.352712631225586,"orthographic":false}