{"cameraMode":{"drawMode":0,"name":"Shaded","section":"Shading Mode"},"sceneLighting":true,"audioPlay":false,"sceneViewState":{"showFog":true,"showMaterialUpdate":true,"showSkybox":true,"showFlares":true,"showImageEffects":true,"showParticleSystems":true},"in2DMode":false,"pivot":{"x":-0.0177447646856308,"y":2.496293544769287,"z":-1.4103162288665772},"rotation":{"x":-0.14555659890174867,"y":-0.42872560024261477,"z":0.07019844651222229,"w":-0.8888763785362244},"size":4.224794387817383,"orthographic":false}