{"cameraMode":{"drawMode":0,"name":"Shaded","section":"Shading Mode"},"sceneLighting":true,"audioPlay":false,"sceneViewState":{"showFog":true,"showMaterialUpdate":true,"showSkybox":true,"showFlares":true,"showImageEffects":true,"showParticleSystems":true},"in2DMode":false,"pivot":{"x":-0.3761472702026367,"y":2.4962964057922365,"z":-0.9747209548950195},"rotation":{"x":-0.14669492840766908,"y":-0.41400131583213808,"z":0.06778735667467118,"w":-0.8958289623260498},"size":5.933236598968506,"orthographic":false}