{"cameraMode":{"drawMode":0,"name":"Shaded","section":"Shading Mode"},"sceneLighting":true,"audioPlay":false,"sceneViewState":{"showFog":true,"showMaterialUpdate":false,"showSkybox":false,"showFlares":true,"showImageEffects":true,"showParticleSystems":true},"in2DMode":false,"pivot":{"x":0.14336109161376954,"y":0.9832520484924316,"z":0.8549118041992188},"rotation":{"x":-0.35133230686187746,"y":0.36211901903152468,"z":-0.1496199518442154,"w":-0.8503317832946777},"size":12.12435531616211,"orthographic":false}