{"cameraMode":{"drawMode":0,"name":"Shaded","section":"Shading Mode"},"sceneLighting":true,"audioPlay":false,"sceneViewState":{"showFog":true,"showMaterialUpdate":true,"showSkybox":true,"showFlares":true,"showImageEffects":true,"showParticleSystems":true},"in2DMode":false,"pivot":{"x":9.082572937011719,"y":-5.278186321258545,"z":-3.194504976272583},"rotation":{"x":-0.14813612401485444,"y":-0.8464867472648621,"z":0.3059259057044983,"w":-0.40982261300086977},"size":13.408019065856934,"orthographic":false}