{"cameraMode":{"drawMode":0,"name":"Shaded","section":"Shading Mode"},"sceneLighting":true,"audioPlay":false,"sceneViewState":{"showFog":true,"showMaterialUpdate":true,"showSkybox":true,"showFlares":true,"showImageEffects":true,"showParticleSystems":true},"in2DMode":false,"pivot":{"x":15.412176132202149,"y":-1.861102819442749,"z":4.039140224456787},"rotation":{"x":-0.1305515617132187,"y":-0.7663856744766235,"z":0.1647850126028061,"w":-0.6070296168327332},"size":15.263803482055664,"orthographic":false}