{"cameraMode":{"drawMode":0,"name":"Shaded","section":"Shading Mode"},"sceneLighting":true,"audioPlay":false,"sceneViewState":{"showFog":true,"showMaterialUpdate":false,"showSkybox":true,"showFlares":true,"showImageEffects":true,"showParticleSystems":true},"in2DMode":false,"pivot":{"x":1.174109697341919,"y":1.9488345384597779,"z":1.7258716821670533},"rotation":{"x":-0.16533958911895753,"y":0.7997859716415405,"z":-0.25558456778526308,"w":-0.5173889994621277},"size":5.917604923248291,"orthographic":false}