{"cameraMode":{"drawMode":0,"name":"Shaded","section":"Shading Mode"},"sceneLighting":false,"audioPlay":false,"sceneViewState":{"showFog":true,"showMaterialUpdate":true,"showSkybox":false,"showFlares":true,"showImageEffects":true,"showParticleSystems":true},"in2DMode":false,"pivot":{"x":-2.2128283977508547,"y":1.0500000715255738,"z":0.5249452590942383},"rotation":{"x":0.08925869315862656,"y":-0.9106805324554443,"z":0.29071366786956789,"w":0.2796209156513214},"size":3.082206964492798,"orthographic":false}