{"cameraMode":{"drawMode":0,"name":"Shaded","section":"Shading Mode"},"sceneLighting":false,"audioPlay":false,"sceneViewState":{"showFog":true,"showMaterialUpdate":false,"showSkybox":false,"showFlares":true,"showImageEffects":true,"showParticleSystems":true},"in2DMode":false,"pivot":{"x":-2.684380054473877,"y":-0.48273587226867678,"z":0.18245553970336915},"rotation":{"x":0.020523492246866227,"y":0.9632164239883423,"z":-0.2566465735435486,"w":0.07702425122261048},"size":3.6440696716308595,"orthographic":false}