{"cameraMode":{"drawMode":0,"name":"Shaded","section":"Shading Mode"},"sceneLighting":false,"audioPlay":false,"sceneViewState":{"showFog":true,"showMaterialUpdate":false,"showSkybox":false,"showFlares":true,"showImageEffects":true,"showParticleSystems":true},"in2DMode":false,"pivot":{"x":0.5,"y":2.9802322387695315e-8,"z":3.000000476837158},"rotation":{"x":0.17781294882297517,"y":-0.35625118017196658,"z":0.06925372034311295,"w":0.9147017002105713},"size":3.005204200744629,"orthographic":true}