{"cameraMode":{"drawMode":0,"name":"Shaded","section":"Shading Mode"},"sceneLighting":true,"audioPlay":false,"sceneViewState":{"showFog":true,"showMaterialUpdate":true,"showSkybox":true,"showFlares":true,"showImageEffects":true,"showParticleSystems":true},"in2DMode":false,"pivot":{"x":-5.1900634765625,"y":-9.011959075927735,"z":-17.800050735473634},"rotation":{"x":0.09432972967624664,"y":-0.9000666737556458,"z":0.2433008998632431,"w":0.34900879859924319},"size":20.600940704345704,"orthographic":false}