{"cameraMode":{"drawMode":0,"name":"Shaded","section":"Shading Mode"},"sceneLighting":false,"audioPlay":false,"sceneViewState":{"showFog":true,"showMaterialUpdate":false,"showSkybox":false,"showFlares":true,"showImageEffects":true,"showParticleSystems":true},"in2DMode":false,"pivot":{"x":-13.796874046325684,"y":-12.287038803100586,"z":7.638999938964844},"rotation":{"x":0.05165742710232735,"y":-0.9150233268737793,"z":0.12428323924541474,"w":0.38030025362968447},"size":0.8688713908195496,"orthographic":false}