{"cameraMode":{"drawMode":0,"name":"Shaded","section":"Shading Mode"},"sceneLighting":true,"audioPlay":false,"sceneViewState":{"showFog":true,"showMaterialUpdate":false,"showSkybox":true,"showFlares":true,"showImageEffects":true,"showParticleSystems":true},"in2DMode":false,"pivot":{"x":4.188920021057129,"y":-3.225726366043091,"z":-12.455400466918946},"rotation":{"x":0.0033513258676975967,"y":-0.9958725571632385,"z":0.08084279298782349,"w":0.04125014320015907},"size":10.264313697814942,"orthographic":false}