{"cameraMode":{"drawMode":0,"name":"Shaded","section":"Shading Mode"},"sceneLighting":true,"audioPlay":false,"sceneViewState":{"showFog":true,"showMaterialUpdate":true,"showSkybox":true,"showFlares":true,"showImageEffects":true,"showParticleSystems":true},"in2DMode":false,"pivot":{"x":-3.337000608444214,"y":0.052500005811452869,"z":0.0},"rotation":{"x":0.02140139415860176,"y":0.21339285373687745,"z":-0.004688461776822805,"w":0.9767463803291321},"size":166.8755645751953,"orthographic":false}