{"cameraMode":{"drawMode":0,"name":"Shaded","section":"Shading Mode"},"sceneLighting":true,"audioPlay":false,"sceneViewState":{"showFog":true,"showMaterialUpdate":true,"showSkybox":true,"showFlares":true,"showImageEffects":true,"showParticleSystems":true},"in2DMode":false,"pivot":{"x":-5.665159225463867,"y":-3.841035842895508,"z":-6.29127836227417},"rotation":{"x":-0.16478803753852845,"y":0.10511951148509979,"z":-0.017675433307886125,"w":-0.9805601835250855},"size":10.26032543182373,"orthographic":false}