{"cameraMode":{"drawMode":0,"name":"Shaded","section":"Shading Mode"},"sceneLighting":false,"audioPlay":false,"sceneViewState":{"showFog":true,"showMaterialUpdate":true,"showSkybox":false,"showFlares":true,"showImageEffects":true,"showParticleSystems":true},"in2DMode":false,"pivot":{"x":1.9800031185150147,"y":0.7405008673667908,"z":25.792648315429689},"rotation":{"x":0.24010583758354188,"y":-0.6680222153663635,"z":0.24256174266338349,"w":0.6612620949745178},"size":1.690044641494751,"orthographic":false}