{"cameraMode":{"drawMode":0,"name":"Shaded","section":"Shading Mode"},"sceneLighting":false,"audioPlay":false,"sceneViewState":{"showFog":true,"showMaterialUpdate":true,"showSkybox":false,"showFlares":true,"showImageEffects":true,"showParticleSystems":true},"in2DMode":false,"pivot":{"x":0.22992464900016786,"y":0.5499999523162842,"z":14.336455345153809},"rotation":{"x":0.24010583758354188,"y":-0.6680222153663635,"z":0.24256174266338349,"w":0.6612620949745178},"size":1.6900442838668824,"orthographic":false}