{"cameraMode":{"drawMode":0,"name":"Shaded","section":"Shading Mode"},"sceneLighting":false,"audioPlay":false,"sceneViewState":{"showFog":true,"showMaterialUpdate":false,"showSkybox":false,"showFlares":true,"showImageEffects":true,"showParticleSystems":true},"in2DMode":false,"pivot":{"x":0.0,"y":1.4901161193847657e-8,"z":-1.4901161193847657e-8},"rotation":{"x":0.06713608652353287,"y":0.5779280066490173,"z":-0.04778789356350899,"w":0.8119244575500488},"size":2.1564395427703859,"orthographic":true}