{"cameraMode":{"drawMode":0,"name":"Shaded","section":"Shading Mode"},"sceneLighting":true,"audioPlay":false,"sceneViewState":{"showFog":true,"showMaterialUpdate":true,"showSkybox":true,"showFlares":true,"showImageEffects":true,"showParticleSystems":true},"in2DMode":false,"pivot":{"x":-8.721614837646485,"y":-18.456724166870118,"z":-6.591679573059082},"rotation":{"x":-0.20154806971549989,"y":0.7860755920410156,"z":-0.3272632956504822,"w":-0.48411279916763308},"size":19.413410186767579,"orthographic":false}