{"cameraMode":{"drawMode":0,"name":"Shaded","section":"Shading Mode"},"sceneLighting":false,"audioPlay":false,"sceneViewState":{"showFog":true,"showMaterialUpdate":true,"showSkybox":false,"showFlares":true,"showImageEffects":true,"showParticleSystems":true},"in2DMode":false,"pivot":{"x":9.230892181396485,"y":2.0500001907348635,"z":-2.3376927375793459},"rotation":{"x":0.09432972967624664,"y":-0.9000666737556458,"z":0.2433008998632431,"w":0.34900879859924319},"size":3.082206964492798,"orthographic":false}