{"cameraMode":{"drawMode":0,"name":"Shaded","section":"Shading Mode"},"sceneLighting":false,"audioPlay":false,"sceneViewState":{"showFog":true,"showMaterialUpdate":true,"showSkybox":false,"showFlares":true,"showImageEffects":true,"showParticleSystems":true},"in2DMode":false,"pivot":{"x":-1.9959592819213868,"y":0.759148359298706,"z":1.3329298496246338},"rotation":{"x":0.08925869315862656,"y":-0.9106805324554443,"z":0.29071366786956789,"w":0.2796209156513214},"size":1.3900444507598878,"orthographic":false}