{"cameraMode":{"drawMode":0,"name":"Shaded","section":"Shading Mode"},"sceneLighting":false,"audioPlay":false,"sceneViewState":{"showFog":true,"showMaterialUpdate":false,"showSkybox":false,"showFlares":true,"showImageEffects":true,"showParticleSystems":true},"in2DMode":false,"pivot":{"x":7.139217376708984,"y":3.9162755012512209,"z":-3.985074996948242},"rotation":{"x":0.17781294882297517,"y":-0.35625118017196658,"z":0.06925372034311295,"w":0.9147017002105713},"size":1.370732069015503,"orthographic":true}