{"cameraMode":{"drawMode":0,"name":"Shaded","section":"Shading Mode"},"sceneLighting":false,"audioPlay":false,"sceneViewState":{"showFog":true,"showMaterialUpdate":true,"showSkybox":false,"showFlares":true,"showImageEffects":true,"showParticleSystems":true},"in2DMode":false,"pivot":{"x":2.162123203277588,"y":0.5499999523162842,"z":23.559162139892579},"rotation":{"x":0.24010583758354188,"y":-0.6680222153663635,"z":0.24256174266338349,"w":0.6612620949745178},"size":1.690044641494751,"orthographic":false}