{"cameraMode":{"drawMode":0,"name":"Shaded","section":"Shading Mode"},"sceneLighting":true,"audioPlay":false,"sceneViewState":{"showFog":true,"showMaterialUpdate":false,"showSkybox":true,"showFlares":true,"showImageEffects":true,"showParticleSystems":true},"in2DMode":false,"pivot":{"x":-4.488958835601807,"y":-4.455819129943848,"z":-4.325441360473633},"rotation":{"x":0.11580567806959152,"y":-0.8709673881530762,"z":0.24668101966381074,"w":0.408860981464386},"size":6.719777584075928,"orthographic":false}