{"cameraMode":{"drawMode":0,"name":"Shaded","section":"Shading Mode"},"sceneLighting":false,"audioPlay":false,"sceneViewState":{"showFog":true,"showMaterialUpdate":false,"showSkybox":false,"showFlares":true,"showImageEffects":true,"showParticleSystems":true},"in2DMode":false,"pivot":{"x":-8.742671012878418,"y":-6.908677101135254,"z":-11.197291374206543},"rotation":{"x":0.20090356469154359,"y":-0.6012533903121948,"z":0.15962471067905427,"w":0.7567386627197266},"size":5.367336750030518,"orthographic":false}