{"cameraMode":{"drawMode":0,"name":"Shaded","section":"Shading Mode"},"sceneLighting":true,"audioPlay":false,"sceneViewState":{"showFog":true,"showMaterialUpdate":true,"showSkybox":true,"showFlares":true,"showImageEffects":true,"showParticleSystems":true},"in2DMode":false,"pivot":{"x":-52.4875602722168,"y":-53.412803649902347,"z":-60.36223602294922},"rotation":{"x":0.107718326151371,"y":-0.8876792788505554,"z":0.2649914026260376,"w":0.3608405590057373},"size":55.00795364379883,"orthographic":false}