{"cameraMode":{"drawMode":0,"name":"Shaded","section":"Shading Mode"},"sceneLighting":true,"audioPlay":false,"sceneViewState":{"showFog":true,"showMaterialUpdate":true,"showSkybox":true,"showFlares":true,"showImageEffects":true,"showParticleSystems":true},"in2DMode":false,"pivot":{"x":-35.47753143310547,"y":-38.281471252441409,"z":-18.86981201171875},"rotation":{"x":0.23033416271209718,"y":-0.7177234888076782,"z":0.2775675654411316,"w":0.5956644415855408},"size":42.306365966796878,"orthographic":false}