{"cameraMode":{"drawMode":0,"name":"Shaded","section":"Shading Mode"},"sceneLighting":true,"audioPlay":false,"sceneViewState":{"showFog":true,"showMaterialUpdate":true,"showSkybox":true,"showFlares":true,"showImageEffects":true,"showParticleSystems":true},"in2DMode":false,"pivot":{"x":-5.941775798797607,"y":2.538447380065918,"z":-21.96735191345215},"rotation":{"x":0.02089320868253708,"y":-0.9414222240447998,"z":0.05939144641160965,"w":0.33132943511009219},"size":3.894014596939087,"orthographic":false}