{"cameraMode":{"drawMode":0,"name":"Shaded","section":"Shading Mode"},"sceneLighting":true,"audioPlay":false,"sceneViewState":{"showFog":true,"showMaterialUpdate":false,"showSkybox":true,"showFlares":true,"showImageEffects":true,"showParticleSystems":true},"in2DMode":false,"pivot":{"x":11.900961875915528,"y":-0.4786405563354492,"z":1.1133805513381959},"rotation":{"x":0.2860875725746155,"y":-0.5603346824645996,"z":0.21456722915172578,"w":0.7471139430999756},"size":5.463027000427246,"orthographic":false}