{"cameraMode":{"drawMode":0,"name":"Shaded","section":"Shading Mode"},"sceneLighting":true,"audioPlay":false,"sceneViewState":{"showFog":true,"showMaterialUpdate":true,"showSkybox":true,"showFlares":true,"showImageEffects":true,"showParticleSystems":true},"in2DMode":false,"pivot":{"x":-13.255533218383789,"y":-12.833772659301758,"z":-8.003509521484375},"rotation":{"x":-0.1576039344072342,"y":0.8115568161010742,"z":-0.2550511062145233,"w":-0.50148606300354},"size":19.413410186767579,"orthographic":false}