{"cameraMode":{"drawMode":0,"name":"Shaded","section":"Shading Mode"},"sceneLighting":true,"audioPlay":false,"sceneViewState":{"showFog":true,"showMaterialUpdate":true,"showSkybox":true,"showFlares":true,"showImageEffects":true,"showParticleSystems":true},"in2DMode":false,"pivot":{"x":328.65673828125,"y":190.82363891601563,"z":200.8206787109375},"rotation":{"x":0.010799967683851719,"y":0.0030156441498547794,"z":-0.00003247142012696713,"w":0.9999431371688843},"size":202.64956665039063,"orthographic":true}