{"cameraMode":{"drawMode":0,"name":"Shaded","section":"Shading Mode"},"sceneLighting":false,"audioPlay":false,"sceneViewState":{"showFog":true,"showMaterialUpdate":false,"showSkybox":false,"showFlares":true,"showImageEffects":true,"showParticleSystems":true},"in2DMode":false,"pivot":{"x":-4.613724231719971,"y":1.4404890537261963,"z":-4.119109153747559},"rotation":{"x":0.1635415405035019,"y":-0.7546250224113464,"z":0.20519506931304933,"w":0.601420521736145},"size":2.288510799407959,"orthographic":false}