{"cameraMode":{"drawMode":0,"name":"Shaded","section":"Shading Mode"},"sceneLighting":false,"audioPlay":false,"sceneViewState":{"showFog":true,"showMaterialUpdate":true,"showSkybox":false,"showFlares":true,"showImageEffects":true,"showParticleSystems":true},"in2DMode":false,"pivot":{"x":-0.7929268479347229,"y":-0.068817138671875,"z":14.118290901184082},"rotation":{"x":0.08532925695180893,"y":-0.9145384430885315,"z":0.2877175211906433,"w":0.27122992277145388},"size":1.6900444030761719,"orthographic":false}