{"cameraMode":{"drawMode":0,"name":"Shaded","section":"Shading Mode"},"sceneLighting":false,"audioPlay":false,"sceneViewState":{"showFog":true,"showMaterialUpdate":false,"showSkybox":false,"showFlares":true,"showImageEffects":true,"showParticleSystems":true},"in2DMode":false,"pivot":{"x":-0.014127254486083985,"y":-8.06071662902832,"z":11.996923446655274},"rotation":{"x":-0.04980373755097389,"y":-0.8972213864326477,"z":0.4261321425437927,"w":-0.10491138696670532},"size":13.337340354919434,"orthographic":false}