{"cameraMode":{"drawMode":0,"name":"Shaded","section":"Shading Mode"},"sceneLighting":false,"audioPlay":false,"sceneViewState":{"showFog":true,"showMaterialUpdate":false,"showSkybox":false,"showFlares":true,"showImageEffects":true,"showParticleSystems":true},"in2DMode":false,"pivot":{"x":0.7489832043647766,"y":-0.5195248126983643,"z":-10.116121292114258},"rotation":{"x":0.22388821840286256,"y":0.5541814565658569,"z":-0.15788260102272035,"w":0.7860416769981384},"size":3.7213871479034426,"orthographic":false}