{"cameraMode":{"drawMode":0,"name":"Shaded","section":"Shading Mode"},"sceneLighting":true,"audioPlay":false,"sceneViewState":{"showFog":true,"showMaterialUpdate":true,"showSkybox":true,"showFlares":true,"showImageEffects":true,"showParticleSystems":true},"in2DMode":false,"pivot":{"x":45.615142822265628,"y":-20.440879821777345,"z":8.676109313964844},"rotation":{"x":-0.269243985414505,"y":-0.6588507294654846,"z":0.2742893099784851,"w":-0.6466981768608093},"size":23.891878128051759,"orthographic":false}