{"cameraMode":{"drawMode":0,"name":"Shaded","section":"Shading Mode"},"sceneLighting":false,"audioPlay":false,"sceneViewState":{"showFog":true,"showMaterialUpdate":false,"showSkybox":false,"showFlares":true,"showImageEffects":true,"showParticleSystems":true},"in2DMode":false,"pivot":{"x":286.9835510253906,"y":-407.3094482421875,"z":-384.8651123046875},"rotation":{"x":0.14456921815872193,"y":-0.754838764667511,"z":0.17753593623638154,"w":0.6146625280380249},"size":655.4336547851563,"orthographic":false}