{"cameraMode":{"drawMode":0,"name":"Shaded","section":"Shading Mode"},"sceneLighting":true,"audioPlay":false,"sceneViewState":{"showFog":true,"showMaterialUpdate":true,"showSkybox":true,"showFlares":true,"showImageEffects":true,"showParticleSystems":true},"in2DMode":false,"pivot":{"x":6.006629943847656,"y":-18.619482040405275,"z":-15.101184844970704},"rotation":{"x":0.09079020470380783,"y":-0.8774740099906921,"z":0.4336545765399933,"w":0.18373887240886689},"size":16.531246185302736,"orthographic":false}