{"cameraMode":{"drawMode":0,"name":"Shaded","section":"Shading Mode"},"sceneLighting":true,"audioPlay":false,"sceneViewState":{"showFog":false,"showMaterialUpdate":false,"showSkybox":false,"showFlares":true,"showImageEffects":true,"showParticleSystems":true},"in2DMode":false,"pivot":{"x":98.02666473388672,"y":74.6741943359375,"z":10.428422927856446},"rotation":{"x":-0.09666553139686585,"y":-0.0924765095114708,"z":0.00867921207100153,"w":-0.9910557270050049},"size":79.88154602050781,"orthographic":false}