{"cameraMode":{"drawMode":0,"name":"Shaded","section":"Shading Mode"},"sceneLighting":false,"audioPlay":false,"sceneViewState":{"showFog":false,"showMaterialUpdate":false,"showSkybox":false,"showFlares":true,"showImageEffects":true,"showParticleSystems":true},"in2DMode":false,"pivot":{"x":9.230892181396485,"y":1.0499999523162842,"z":-2.3376927375793459},"rotation":{"x":0.0018017530674114824,"y":0.0014919796958565713,"z":-0.00033474687370471656,"w":-1.0000791549682618},"size":2.1213202476501467,"orthographic":false}