{"cameraMode":{"drawMode":0,"name":"Shaded","section":"Shading Mode"},"sceneLighting":true,"audioPlay":false,"sceneViewState":{"showFog":false,"showMaterialUpdate":false,"showSkybox":false,"showFlares":true,"showImageEffects":true,"showParticleSystems":true},"in2DMode":false,"pivot":{"x":369.6520690917969,"y":190.80862426757813,"z":22.43829345703125},"rotation":{"x":-0.035674117505550387,"y":0.025462336838245393,"z":-0.0012460392899811268,"w":-0.9991201758384705},"size":385.26318359375,"orthographic":false}