{"cameraMode":{"drawMode":0,"name":"Shaded","section":"Shading Mode"},"sceneLighting":false,"audioPlay":false,"sceneViewState":{"showFog":true,"showMaterialUpdate":false,"showSkybox":false,"showFlares":true,"showImageEffects":true,"showParticleSystems":true},"in2DMode":false,"pivot":{"x":1.2323424816131592,"y":1.06080162525177,"z":14.045564651489258},"rotation":{"x":-0.004138675052672625,"y":-0.9952164888381958,"z":0.050812117755413058,"w":-0.08407318592071533},"size":1.6900442838668824,"orthographic":false}