{"cameraMode":{"drawMode":0,"name":"Shaded","section":"Shading Mode"},"sceneLighting":false,"audioPlay":false,"sceneViewState":{"showFog":true,"showMaterialUpdate":false,"showSkybox":false,"showFlares":true,"showImageEffects":true,"showParticleSystems":true},"in2DMode":false,"pivot":{"x":106.14691162109375,"y":167.033203125,"z":-276.2076416015625},"rotation":{"x":0.035928402096033099,"y":-0.9592353701591492,"z":0.14291277527809144,"w":0.24115261435508729},"size":531.991455078125,"orthographic":false}