{"cameraMode":{"drawMode":0,"name":"Shaded","section":"Shading Mode"},"sceneLighting":true,"audioPlay":false,"sceneViewState":{"showFog":false,"showMaterialUpdate":false,"showSkybox":false,"showFlares":true,"showImageEffects":true,"showParticleSystems":true},"in2DMode":false,"pivot":{"x":358.8256530761719,"y":338.2206115722656,"z":93.02069091796875},"rotation":{"x":-0.005109564401209354,"y":-0.07850927114486695,"z":-0.00009623060032026842,"w":0.9969802498817444},"size":294.4134521484375,"orthographic":false}