{"cameraMode":{"drawMode":0,"name":"Shaded","section":"Shading Mode"},"sceneLighting":false,"audioPlay":false,"sceneViewState":{"showFog":true,"showMaterialUpdate":false,"showSkybox":false,"showFlares":true,"showImageEffects":true,"showParticleSystems":true},"in2DMode":false,"pivot":{"x":163.35299682617188,"y":130.95687866210938,"z":-298.9328308105469},"rotation":{"x":0.04155096411705017,"y":-0.9516834616661072,"z":0.14909203350543977,"w":0.26522791385650637},"size":515.3121948242188,"orthographic":false}