{"cameraMode":{"drawMode":0,"name":"Shaded","section":"Shading Mode"},"sceneLighting":false,"audioPlay":false,"sceneViewState":{"showFog":true,"showMaterialUpdate":false,"showSkybox":false,"showFlares":true,"showImageEffects":true,"showParticleSystems":true},"in2DMode":false,"pivot":{"x":-0.12668880820274354,"y":0.5574895739555359,"z":14.534878730773926},"rotation":{"x":0.0002725154045037925,"y":-0.9992386102676392,"z":-0.006017205771058798,"w":0.040226709097623828},"size":0.9926570057868958,"orthographic":false}