{"cameraMode":{"drawMode":0,"name":"Shaded","section":"Shading Mode"},"sceneLighting":true,"audioPlay":false,"sceneViewState":{"showFog":false,"showMaterialUpdate":false,"showSkybox":false,"showFlares":true,"showImageEffects":true,"showParticleSystems":true},"in2DMode":false,"pivot":{"x":-234.86502075195313,"y":3.733600616455078,"z":-101.54670715332031},"rotation":{"x":-0.15948711335659028,"y":0.1867823302745819,"z":-0.031101001426577569,"w":-0.968969464302063},"size":295.69622802734377,"orthographic":false}