{"cameraMode":{"drawMode":0,"name":"Shaded","section":"Shading Mode"},"sceneLighting":false,"audioPlay":false,"sceneViewState":{"showFog":false,"showMaterialUpdate":false,"showSkybox":false,"showFlares":true,"showImageEffects":true,"showParticleSystems":true},"in2DMode":false,"pivot":{"x":2.9187560081481935,"y":2.010000228881836,"z":-28.97188377380371},"rotation":{"x":-0.13705919682979585,"y":-0.8274299502372742,"z":0.22851283848285676,"w":-0.4944973289966583},"size":5.121320724487305,"orthographic":false}