{"cameraMode":{"drawMode":0,"name":"Shaded","section":"Shading Mode"},"sceneLighting":true,"audioPlay":false,"sceneViewState":{"showFog":true,"showMaterialUpdate":false,"showSkybox":true,"showFlares":true,"showImageEffects":true,"showParticleSystems":true},"in2DMode":false,"pivot":{"x":40.9775390625,"y":-81.98664855957031,"z":-128.81178283691407},"rotation":{"x":0.05967002734541893,"y":0.937488317489624,"z":-0.27979347109794619,"w":0.19865669310092927},"size":99.60775756835938,"orthographic":false}