{"cameraMode":{"drawMode":0,"name":"Shaded","section":"Shading Mode"},"sceneLighting":true,"audioPlay":false,"sceneViewState":{"showFog":false,"showMaterialUpdate":false,"showSkybox":false,"showFlares":true,"showImageEffects":true,"showParticleSystems":true},"in2DMode":false,"pivot":{"x":270.8189697265625,"y":226.21578979492188,"z":3.0489654541015627},"rotation":{"x":-0.08509675413370133,"y":-0.016478195786476136,"z":0.001068641897290945,"w":-0.9963181018829346},"size":236.50607299804688,"orthographic":false}