{"cameraMode":{"drawMode":0,"name":"Shaded","section":"Shading Mode"},"sceneLighting":false,"audioPlay":false,"sceneViewState":{"showFog":true,"showMaterialUpdate":false,"showSkybox":false,"showFlares":true,"showImageEffects":true,"showParticleSystems":true},"in2DMode":false,"pivot":{"x":-0.29301518201828005,"y":-0.5481125116348267,"z":-2.175624370574951},"rotation":{"x":0.059535712003707889,"y":-0.9403602480888367,"z":0.22952212393283845,"w":0.24391986429691316},"size":3.197176218032837,"orthographic":false}