{"cameraMode":{"drawMode":0,"name":"Shaded","section":"Shading Mode"},"sceneLighting":false,"audioPlay":false,"sceneViewState":{"showFog":false,"showMaterialUpdate":false,"showSkybox":false,"showFlares":true,"showImageEffects":true,"showParticleSystems":true},"in2DMode":false,"pivot":{"x":-2.2128283977508547,"y":0.04999995231628418,"z":0.5249452590942383},"rotation":{"x":0.0018017530674114824,"y":0.0014919796958565713,"z":-0.00033474687370471656,"w":-1.0000791549682618},"size":2.1213204860687258,"orthographic":false}