{"cameraMode":{"drawMode":0,"name":"Shaded","section":"Shading Mode"},"sceneLighting":true,"audioPlay":false,"sceneViewState":{"showFog":false,"showMaterialUpdate":false,"showSkybox":false,"showFlares":true,"showImageEffects":true,"showParticleSystems":true},"in2DMode":false,"pivot":{"x":290.0557861328125,"y":183.47146606445313,"z":-25.778480529785158},"rotation":{"x":0.011704281903803349,"y":0.01591997966170311,"z":0.00017821126675698906,"w":0.9998966455459595},"size":180.26170349121095,"orthographic":false}