{"cameraMode":{"drawMode":0,"name":"Shaded","section":"Shading Mode"},"sceneLighting":false,"audioPlay":false,"sceneViewState":{"showFog":true,"showMaterialUpdate":false,"showSkybox":false,"showFlares":true,"showImageEffects":true,"showParticleSystems":true},"in2DMode":false,"pivot":{"x":183.42967224121095,"y":192.1646728515625,"z":0.875946044921875},"rotation":{"x":0.03445058688521385,"y":0.045893628150224689,"z":-0.0017570953350514174,"w":0.9984096884727478},"size":196.73736572265626,"orthographic":false}