{"cameraMode":{"drawMode":0,"name":"Shaded","section":"Shading Mode"},"sceneLighting":true,"audioPlay":false,"sceneViewState":{"showFog":true,"showMaterialUpdate":false,"showSkybox":true,"showFlares":true,"showImageEffects":true,"showParticleSystems":true},"in2DMode":false,"pivot":{"x":316.83526611328127,"y":201.60427856445313,"z":-102.99757385253906},"rotation":{"x":-0.03599389269948006,"y":-0.0003419277200009674,"z":0.00021892845688853413,"w":-0.9994126558303833},"size":229.1361083984375,"orthographic":false}