{"cameraMode":{"drawMode":0,"name":"Shaded","section":"Shading Mode"},"sceneLighting":true,"audioPlay":false,"sceneViewState":{"showFog":false,"showMaterialUpdate":false,"showSkybox":false,"showFlares":true,"showImageEffects":true,"showParticleSystems":true},"in2DMode":false,"pivot":{"x":241.97598266601563,"y":157.32308959960938,"z":-0.25077056884765627},"rotation":{"x":0.0018017530674114824,"y":0.0014919796958565713,"z":-0.00033474687370471656,"w":-1.0000791549682618},"size":156.49545288085938,"orthographic":false}