{"cameraMode":{"drawMode":0,"name":"Shaded","section":"Shading Mode"},"sceneLighting":false,"audioPlay":false,"sceneViewState":{"showFog":false,"showMaterialUpdate":false,"showSkybox":false,"showFlares":true,"showImageEffects":true,"showParticleSystems":true},"in2DMode":false,"pivot":{"x":2.137143135070801,"y":1.4600000381469727,"z":-32.679466247558597},"rotation":{"x":-0.15823312103748322,"y":-0.8074380159378052,"z":0.24927833676338197,"w":-0.5109184980392456},"size":2.1213202476501467,"orthographic":false}