{"cameraMode":{"drawMode":0,"name":"Shaded","section":"Shading Mode"},"sceneLighting":true,"audioPlay":false,"sceneViewState":{"showFog":false,"showMaterialUpdate":false,"showSkybox":false,"showFlares":true,"showImageEffects":true,"showParticleSystems":true},"in2DMode":false,"pivot":{"x":25.013641357421876,"y":-1.4116268157958985,"z":33.679046630859378},"rotation":{"x":0.0437762476503849,"y":-0.934897780418396,"z":0.3293939232826233,"w":0.12541089951992036},"size":18.441974639892579,"orthographic":false}