{"cameraMode":{"drawMode":0,"name":"Shaded","section":"Shading Mode"},"sceneLighting":true,"audioPlay":false,"sceneViewState":{"showFog":false,"showMaterialUpdate":false,"showSkybox":false,"showFlares":true,"showImageEffects":true,"showParticleSystems":true},"in2DMode":false,"pivot":{"x":263.95166015625,"y":256.34716796875,"z":-73.85874938964844},"rotation":{"x":-0.013326641172170639,"y":-0.9871482253074646,"z":0.11568035930395127,"w":-0.11026564985513687},"size":320.63665771484377,"orthographic":false}