{"cameraMode":{"drawMode":0,"name":"Shaded","section":"Shading Mode"},"sceneLighting":true,"audioPlay":false,"sceneViewState":{"showFog":false,"showMaterialUpdate":false,"showSkybox":false,"showFlares":true,"showImageEffects":true,"showParticleSystems":true},"in2DMode":false,"pivot":{"x":340.74505615234377,"y":250.66177368164063,"z":173.66000366210938},"rotation":{"x":0.0015025533502921463,"y":0.007474908605217934,"z":-0.00021919408754911274,"w":-1.000044822692871},"size":310.2729187011719,"orthographic":false}