{"cameraMode":{"drawMode":0,"name":"Shaded","section":"Shading Mode"},"sceneLighting":true,"audioPlay":false,"sceneViewState":{"showFog":false,"showMaterialUpdate":false,"showSkybox":false,"showFlares":true,"showImageEffects":true,"showParticleSystems":true},"in2DMode":false,"pivot":{"x":5.144104957580566,"y":0.23055386543273927,"z":20.775121688842775},"rotation":{"x":0.1365840584039688,"y":-0.4476134777069092,"z":0.06962040811777115,"w":0.8810753226280212},"size":2.4213201999664308,"orthographic":false}