{"cameraMode":{"drawMode":0,"name":"Shaded","section":"Shading Mode"},"sceneLighting":true,"audioPlay":false,"sceneViewState":{"showFog":false,"showMaterialUpdate":false,"showSkybox":false,"showFlares":true,"showImageEffects":true,"showParticleSystems":true},"in2DMode":false,"pivot":{"x":277.81512451171877,"y":206.7723388671875,"z":-31.2938232421875},"rotation":{"x":0.07313815504312515,"y":0.014404690824449063,"z":-0.0006918375147506595,"w":0.9973093867301941},"size":177.46463012695313,"orthographic":false}