{"cameraMode":{"drawMode":0,"name":"Shaded","section":"Shading Mode"},"sceneLighting":true,"audioPlay":false,"sceneViewState":{"showFog":false,"showMaterialUpdate":false,"showSkybox":false,"showFlares":true,"showImageEffects":true,"showParticleSystems":true},"in2DMode":false,"pivot":{"x":316.9434814453125,"y":207.39443969726563,"z":-2.4177627563476564},"rotation":{"x":-0.11194097995758057,"y":-0.02687562257051468,"z":0.0026888141874223949,"w":-0.9934300184249878},"size":240.3726806640625,"orthographic":false}