{"cameraMode":{"drawMode":0,"name":"Shaded","section":"Shading Mode"},"sceneLighting":true,"audioPlay":false,"sceneViewState":{"showFog":true,"showMaterialUpdate":false,"showSkybox":true,"showFlares":true,"showImageEffects":true,"showParticleSystems":true},"in2DMode":false,"pivot":{"x":58.15021514892578,"y":2.139127731323242,"z":-105.62630462646485},"rotation":{"x":0.0023058403749018909,"y":0.9956920742988586,"z":-0.021188998594880105,"w":0.091685451567173},"size":65.10791778564453,"orthographic":false}