{"cameraMode":{"drawMode":0,"name":"Shaded","section":"Shading Mode"},"sceneLighting":true,"audioPlay":false,"sceneViewState":{"showFog":true,"showMaterialUpdate":false,"showSkybox":true,"showFlares":true,"showImageEffects":true,"showParticleSystems":true},"in2DMode":false,"pivot":{"x":9.835572242736817,"y":-0.35461878776550295,"z":-9.053133964538575},"rotation":{"x":-0.24271436035633088,"y":0.647996723651886,"z":-0.22981078922748567,"w":-0.6843808889389038},"size":9.415450096130371,"orthographic":false}