{"cameraMode":{"drawMode":0,"name":"Shaded","section":"Shading Mode"},"sceneLighting":true,"audioPlay":false,"sceneViewState":{"showFog":false,"showMaterialUpdate":false,"showSkybox":false,"showFlares":true,"showImageEffects":true,"showParticleSystems":true},"in2DMode":false,"pivot":{"x":338.8912353515625,"y":191.77340698242188,"z":-3.104217529296875},"rotation":{"x":-0.031183889135718347,"y":0.019471604377031328,"z":-0.0009452482336200774,"w":-0.9994056820869446},"size":231.29092407226563,"orthographic":false}