{"cameraMode":{"drawMode":0,"name":"Shaded","section":"Shading Mode"},"sceneLighting":true,"audioPlay":false,"sceneViewState":{"showFog":false,"showMaterialUpdate":false,"showSkybox":false,"showFlares":true,"showImageEffects":true,"showParticleSystems":true},"in2DMode":false,"pivot":{"x":240.3169403076172,"y":156.9900360107422,"z":0.900604248046875},"rotation":{"x":-0.0012014926178380848,"y":-0.007509691175073385,"z":-0.00032841760548762977,"w":-1.0000529289245606},"size":158.9619598388672,"orthographic":true}